Nome,Celular,Sexo,Data de Nascimento,Endereço,Bairro,Estado,CEP,RG,CPF,Número de Passaporte,Idade,Anexo 1Anexo 2Anexo 3
Stefany Matos de Mendonça,15496547845,Feminino,04/06/2005,", 24",Boné Azul,,,28.954.389-7,043.458.487-84,34,19
Stefany Matos de Mendonça,15496547845,Feminino,04/06/2005,", 24",Boné Azul,,,28.954.389-7,043.478.487-84,343,19
Alexander Ribeiro de Mendonça,(69) 99306-1058,Masculino,04/06/2005,", 24",Tribobó,Casado(a),24750-420,24.1605984-7,184.062.003-23,35,19
Stefany Matos de Mendonça,15496567845,Feminino,04/06/2005,", 24",Boné Azul,Casado(a),247RER50-420,28.954.389-7,043.478.487-74,3478,19
Ana Carolina,15496547845,Feminino,04/06/2005,Rua Gonçalves Cardoso,Boné Azul,RJ,24750-420,28.954.389-7,236.240.019-06,35566777,19
Ana Carolina,15496547845,Feminino,04/06/2005,Rua Gonçalves Cardoso,Boné Azul,RJ,24750-420,28.954.389-7,236.240.719-06,355667778,19
Larissa,(61) 99853-0032,Feminino,04/06/2005,Rua Gonçalves Cardoso,Boné Azul,RJ,24750-420,24.160.984-7,355.493.505-05,355666668,19
Larissa,(61) 99853-0032,Feminino,04/06/2005,Rua Salamanta,Jardim Presidencial,DF,24750-42456,30.370.448-2,355.4935505-05,3435,19
Larissa,(61) 99853-0032,Feminino,04/06/2005,Rua Salamanta,Jardim Presidencial,DF,24750-42456,30.370.448-2,355.4935567-05,343577,19
Rosemary De Matos De Mendonça,(86) 99190-8856,Feminino,04/06/2005,Rua Padre Cícero,Boné Azul,ES,24750-424456,12.431.425-9,355.493.504-05,78944,19
Rosemary De Matos De Mendonça,(86) 99190-8856,Feminino,04/06/2005,Rua Padre Cícero,Boné Azul,RJ,247RER50-420,12.431.425-9,355.493.504-56,78944657,19
Stefany Matos de Mendonça,15496547845,Feminino,04/06/2005,", 24",Boné Azul,Casado(a),247RER50-420,28.954.389-7,355.493.545-05,7894445,19
